{"cameraMode":{"drawMode":0,"name":"Shaded","section":"Shading Mode"},"sceneLighting":true,"audioPlay":false,"sceneViewState":{"m_AlwaysRefresh":false,"showFog":true,"showSkybox":true,"showFlares":true,"showImageEffects":true,"showParticleSystems":true,"showVisualEffectGraphs":true,"m_FxEnabled":false},"in2DMode":false,"pivot":{"x":13.800467491149903,"y":1.0597647428512574,"z":-1.6285834312438965},"rotation":{"x":0.009120174683630467,"y":-0.03345900774002075,"z":0.0002230024110758677,"w":0.9993769526481628},"size":0.8689071536064148,"orthographic":false}