{"cameraMode":{"drawMode":0,"name":"Shaded","section":"Shading Mode"},"sceneLighting":true,"audioPlay":false,"sceneViewState":{"m_AlwaysRefresh":false,"showFog":true,"showSkybox":true,"showFlares":true,"showImageEffects":true,"showParticleSystems":true,"showVisualEffectGraphs":true,"m_FxEnabled":false},"in2DMode":false,"pivot":{"x":0.40623432397842409,"y":0.0030150350648909809,"z":-8.596392631530762},"rotation":{"x":0.0002605704066809267,"y":0.03135359287261963,"z":0.0001286279148189351,"w":0.9995111227035523},"size":1.2315752506256104,"orthographic":false}