{"cameraMode":{"drawMode":0,"name":"Shaded","section":"Shading Mode"},"sceneLighting":true,"audioPlay":false,"sceneViewState":{"m_AlwaysRefresh":false,"showFog":true,"showSkybox":true,"showFlares":true,"showImageEffects":true,"showParticleSystems":true,"showVisualEffectGraphs":true,"m_FxEnabled":false},"in2DMode":false,"pivot":{"x":98.26306915283203,"y":219.3373565673828,"z":-371.5312805175781},"rotation":{"x":0.21159116923809052,"y":0.020410051569342614,"z":-0.004289018455892801,"w":0.9770923256874085},"size":72.19912719726563,"orthographic":false}